{"cameraMode":{"drawMode":0,"name":"Shaded","section":"Shading Mode"},"sceneLighting":false,"audioPlay":false,"sceneViewState":{"m_AlwaysRefresh":false,"showFog":true,"showSkybox":true,"showFlares":true,"showImageEffects":true,"showParticleSystems":true,"showVisualEffectGraphs":true,"m_FxEnabled":true},"in2DMode":false,"pivot":{"x":-2.5157217979431154,"y":1.2855380773544312,"z":-0.20368953049182893},"rotation":{"x":-0.0016109786229208112,"y":-0.9983569979667664,"z":0.0362657755613327,"w":-0.044350456446409228},"size":0.7915337681770325,"orthographic":false}